Naam productspecificatie;Onderliggende productspecificatie
Informatieleveringssysclus Organisatie xxx;
Productspecificatie Ingebruiknamedossier Organisatie xxx;
Productspecificatie Opleverdossier Organisatie xxx;
Meetinstructie Organisatie xxx;
Productspecificatie DTM-Ontwerp Organisatie xxx;
Productspecificatie Inmeten Primaire Meetkundige Grondslag (PMG) Organisatie xxx;
Productspecificatie Grondslag Organisatie xxx;
Productspecificatie Beheer Primaire Meetkundige Grondslag (PMG) Organisatie xxx;
Productspecificatie Inrichtings- en beheerplan PMG Organisatie xxx;
Format Monitoringsdossier omgevingsobjecten Organisatie xxx;
Format Meetgegevens peilingen Organisatie xxx;
Productspecificatie Leggerprofiel Organisatie xxx;
Objecttypenbibliotheek Organisatie xxx;Format Areaalgegevens Organisatie xxx
Objecttypenbibliotheek Organisatie xxx;Format Decompositie Organisatie xxx
Objecttypenbibliotheek Organisatie xxx;Format Materialenpaspoort Organisatie xxx
Objecttypenbibliotheek Organisatie xxx;Format Metadata Documenten Organisatie xxx
Objecttypenbibliotheek Organisatie xxx;Format Uitgevoerde beheermaatregelen Organisatie
Objecttypenbibliotheek Organisatie xxx;Format NWB Organisatie xxx
Objecttypenbibliotheek Organisatie xxx;Format BRO Organisatie xxx
Format Areaalgegevens Organisatie xxx;
Format Decompositie Organisatie xxx;
Format Materialenpaspoort Organisatie xxx;
Format Metadata Documenten Organisatie xxx;
Format Uitgevoerde beheermaatregelen Organisatie;
Format NWB Organisatie xxx;
Format BRO Organisatie xxx;
Format Wibon Organisatie xxx;
Procedure verzoek tot wijziging scope objecttypenbibliotheek Organisatie xxx;
Procedure voor naamgeving en URI-strategie Organisatie xxx;
Productspecificatie Bovengrondse- en ondergrondse infra Organisatie xxx;
Format Inspectietekening Kunstwerken Organisatie xxx;
Productspecificatie Deformatiemeting Kunstwerken Organisatie xxx;
Productspecificatie Nulmeting VDC Kunstwerken Organisatie xxx;
Productspecificatie Rapportage instandhoudingsinspectie Organisatie xxx;
Format Instandhoudingsplan Organisatie xxx;
Productspecificatie Doorrijprofielmeting kunstwerken en portalen Organisatie xxx;
Productspecificatie Doorvaarprofielmeting kunstwerken Organisatie xxx;
Productspecificatie Kunstwerkgegevens Ontheffingsverlening massatransporten Organisatie xxx;
Productspecificatie Milieueffectenrapportage Organisatie xxx;
Productspecificatie Documentatie areaal Organisatie xxx;
